{
    "info" : {
        "author" : "xcode",
        "version" : 1
    },
    "images" : [
        {
            "idiom" : "universal",
            "size" : "1024x1024",
            "scale" : "1x",
            "filename" : "AppIcon-1024.png"
        },
        {
            "idiom" : "iphone",
            "size" : "20x20",
            "scale" : "2x",
            "filename" : "AppIcon-20@2x.png"
        },
        {
            "idiom" : "iphone",
            "size" : "20x20",
            "scale" : "3x",
            "filename" : "AppIcon-20@3x.png"
        },
        {
            "idiom" : "iphone",
            "size" : "29x29",
            "scale" : "2x",
            "filename" : "AppIcon-29@2x.png"
        },
        {
            "idiom" : "iphone",
            "size" : "29x29",
            "scale" : "3x",
            "filename" : "AppIcon-29@3x.png"
        },
        {
            "idiom" : "iphone",
            "size" : "40x40",
            "scale" : "2x",
            "filename" : "AppIcon-40@2x.png"
        },
        {
            "idiom" : "iphone",
            "size" : "40x40",
            "scale" : "3x",
            "filename" : "AppIcon-40@3x.png"
        },
        {
            "idiom" : "iphone",
            "size" : "60x60",
            "scale" : "2x",
            "filename" : "AppIcon-60@2x.png"
        },
        {
            "idiom" : "iphone",
            "size" : "60x60",
            "scale" : "3x",
            "filename" : "AppIcon-60@3x.png"
        },
        {
            "idiom" : "ipad",
            "size" : "20x20",
            "scale" : "1x",
            "filename" : "AppIcon-20.png"
        },
        {
            "idiom" : "ipad",
            "size" : "20x20",
            "scale" : "2x",
            "filename" : "AppIcon-20@2x.png"
        },
        {
            "idiom" : "ipad",
            "size" : "29x29",
            "scale" : "1x",
            "filename" : "AppIcon-29.png"
        },
        {
            "idiom" : "ipad",
            "size" : "29x29",
            "scale" : "2x",
            "filename" : "AppIcon-29@2x.png"
        },
        {
            "idiom" : "ipad",
            "size" : "40x40",
            "scale" : "1x",
            "filename" : "AppIcon-40.png"
        },
        {
            "idiom" : "ipad",
            "size" : "40x40",
            "scale" : "2x",
            "filename" : "AppIcon-40@2x.png"
        },
        {
            "idiom" : "ipad",
            "size" : "76x76",
            "scale" : "1x",
            "filename" : "AppIcon-76.png"
        },
        {
            "idiom" : "ipad",
            "size" : "76x76",
            "scale" : "2x",
            "filename" : "AppIcon-76@2x.png"
        },
        {
            "idiom" : "ipad",
            "size" : "83.5x83.5",
            "scale" : "2x",
            "filename" : "AppIcon-83.5@2x.png"
        }
    ]
}
